cwur_year,cwur_institution,cwur_location,cwur_world_rank,cwur_national_rank,cwur_quality_of_education,cwur_alumni_employment,cwur_quality_of_faculty,cwur_research_performance,cwur_publications,cwur_influence,cwur_citations,cwur_broad_impact,cwur_patents,cwur_score
2013,Harvard University,USA,1,1,1,1,1,-,1,1,1,-,7,100.00
2013,Stanford University,USA,2,2,11,2,4,-,6,2,2,-,11,93.94
2013,University of Oxford,United Kingdom,3,1,7,12,10,-,11,7,13,-,15,92.54
2013,Massachusetts Institute of Technology,USA,4,3,2,16,2,-,16,3,3,-,1,91.45
2013,University of Cambridge,United Kingdom,5,2,3,15,5,-,9,11,10,-,39,90.24
2013,Columbia University,USA,6,4,13,8,9,-,13,9,11,-,10,88.21
2013,University of California - Berkeley,USA,7,5,6,28,6,-,8,6,4,-,19,85.07
2013,Princeton University,USA,8,6,4,14,3,-,58,35,27,-,101+,82.17
2013,University of Chicago,USA,9,7,9,19,8,-,37,21,30,-,101+,79.16
2013,Yale University,USA,10,8,10,25,13,-,20,12,22,-,42,78.83
2013,California Institute of Technology,USA,11,9,5,101+,7,-,38,24,25,-,17,77.59
2013,University of Pennsylvania,USA,12,10,22,5,25,-,10,10,9,-,14,77.24
2013,Cornell University,USA,13,11,12,23,18,-,21,19,15,-,7,76.99
2013,University of Tokyo,Japan,14,1,17,3,32,-,14,23,29,-,5,76.23
2013,Kyoto University,Japan,15,2,32,17,14,-,28,46,58,-,13,69.46
2013,University of California - Los Angeles,USA,16,12,38,35,12,-,5,15,6,-,12,67.84
2013,Johns Hopkins University,USA,17,13,23,96,21,-,4,5,7,-,2,65.64
2013,Swiss Federal Institute of Technology in Zurich,Switzerland,18,1,16,60,11,-,40,53,55,-,60,64.99
2013,New York University,USA,19,14,37,31,16,-,41,25,33,-,51,63.99
2013,University of California - San Diego,USA,20,15,33,101+,19,-,15,14,14,-,22,63.12
2013,Hebrew University of Jerusalem,Israel,21,1,15,101+,15,-,101+,96,101+,-,24,59.98
2013,University of California - San Francisco,USA,22,16,101+,101+,22,-,23,4,18,-,63,59.38
2013,University of Wisconsin - Madison,USA,23,17,31,55,33,-,19,29,20,-,30,58.94
2013,University of Illinois at Urbana - Champaign,USA,24,18,65,101+,20,-,33,66,34,-,67,58.33
2013,Duke University,USA,25,19,89,42,46,-,22,17,17,-,24,57.72
2013,University of Texas at Austin,USA,26,20,101+,56,24,-,46,84,37,-,20,57.71
2013,Imperial College London,United Kingdom,27,3,101+,92,35,-,17,22,19,-,48,56.75
2013,Northwestern University,USA,28,21,101+,21,101+,-,27,26,24,-,30,56.12
2013,University of Toronto,Canada,29,1,91,81,34,-,2,13,12,-,101+,56.11
2013,University College London,United Kingdom,30,4,24,101+,49,-,12,16,21,-,73,56.00
2013,University of Washington - Seattle,USA,31,22,101+,101+,41,-,7,8,5,-,51,55.79
2013,University of Michigan - Ann Arbor,USA,32,23,35,27,101+,-,3,18,8,-,6,55.77
2013,Weizmann Institute of Science,Israel,33,2,18,101+,23,-,101+,85,101+,-,48,54.34
2013,University of North Carolina at Chapel Hill,USA,34,24,101+,101+,60,-,30,27,26,-,42,52.87
2013,Osaka University,Japan,35,3,77,91,44,-,55,56,72,-,17,52.79
2013,University of Paris - Sud,France,36,1,26,101+,26,-,73,101+,101+,-,101+,51.72
2013,University of California - Santa Barbara,USA,37,25,101+,101+,28,-,89,91,38,-,101+,51.67
2013,Purdue University - West Lafayette,USA,38,26,95,39,52,-,71,101+,65,-,36,51.59
2013,University of Southern California,USA,39,27,101+,99,56,-,56,52,36,-,40,51.56
2013,Seoul National University,South Korea,40,1,101+,13,101+,-,48,101+,76,-,4,51.31
2013,University of Colorado Boulder,USA,41,28,82,84,38,-,75,68,54,-,101+,51.16
2013,University of Utah,USA,42,29,101+,101+,42,-,93,61,85,-,27,51.14
2013,Rutgers University - New Brunswick,USA,43,30,101+,101+,48,-,43,58,45,-,96,51.09
2013,University of Minnesota - Twin Cities,USA,44,31,101+,101+,87,-,18,31,16,-,67,50.98
2013,University of Edinburgh,United Kingdom,45,5,47,101+,45,-,52,36,63,-,101+,50.98
2013,University of Texas Southwestern Medical Center,USA,46,32,46,101+,29,-,101+,28,82,-,101+,50.79
2013,McGill University,Canada,47,2,54,62,59,-,34,42,48,-,101+,50.77
2013,Pierre - and - Marie - Curie University,France,48,2,19,101+,84,-,31,50,78,-,81,50.58
2013,Rockefeller University,USA,49,33,55,101+,17,-,101+,34,101+,-,101+,50.43
2013,Pennsylvania State University - University Park,USA,50,34,101+,72,101+,-,29,54,23,-,67,49.84
2013,Carnegie Mellon University,USA,51,35,30,101+,27,-,101+,101+,74,-,101+,49.56
2013,Ohio State University - Columbus,USA,52,36,101+,101+,86,-,32,55,35,-,60,49.41
2013,University of California - Davis,USA,53,37,60,101+,94,-,26,47,31,-,90,49.16
2013,Boston University,USA,54,38,101+,69,88,-,54,37,41,-,100,48.96
2013,University of Florida,USA,55,39,101+,101+,98,-,35,92,42,-,9,48.93
2013,University of Geneva,Switzerland,56,2,52,101+,30,-,101+,78,101+,-,101+,48.83
2013,Tel Aviv University,Israel,57,3,84,101+,54,-,83,101+,101+,-,32,48.72
2013,University of British Columbia,Canada,58,3,101+,101+,95,-,25,39,39,-,100,48.51
2013,University of Maryland - College Park,USA,59,40,79,101+,53,-,49,77,40,-,101+,48.39
2013,Karolinska Institute,Sweden,60,1,101+,101+,47,-,64,38,62,-,101+,47.98
2013,Vanderbilt University,USA,61,41,101+,101+,101+,-,53,40,60,-,40,47.80
2013,Sapienza University of Rome,Italy,62,1,101+,101+,31,-,76,101+,101+,-,101+,47.75
2013,Washington University in St. Louis,USA,63,42,101+,101+,101+,-,36,20,32,-,101+,47.72
2013,École normale supérieure - Paris,France,64,3,8,101+,57,-,101+,101+,101+,-,101+,47.70
2013,University of California - Irvine,USA,65,43,101+,101+,39,-,69,67,61,-,101+,47.52
2013,Technion  -  Israel Institute of Technology,Israel,66,4,50,101+,36,-,101+,101+,101+,-,73,47.45
2013,Ludwig Maximilian University of Munich,Germany,67,1,62,101+,92,-,67,49,67,-,101+,47.25
2013,University of Copenhagen,Denmark,68,1,101+,101+,63,-,42,43,51,-,101+,47.12
2013,University of Pittsburgh - Pittsburgh Campus,USA,69,44,80,101+,101+,-,24,33,28,-,44,47.08
2013,Keio University,Japan,70,4,101+,6,101+,-,101+,101+,101+,-,73,47.05
2013,University of Virginia,USA,71,45,101+,24,101+,-,88,73,68,-,63,46.92
2013,University of Manchester,United Kingdom,72,6,101+,101+,76,-,47,63,57,-,101+,46.85
2013,Arizona State University,USA,73,46,101+,101+,73,-,101+,101+,89,-,20,46.72
2013,University of Zurich,Switzerland,74,3,101+,101+,82,-,59,48,52,-,101+,46.54
2013,King's College London,United Kingdom,75,7,41,101+,101+,-,45,45,44,-,101+,46.53
2013,University of Rochester,USA,76,47,63,80,101+,-,101+,86,66,-,51,46.44
2013,Brown University,USA,77,48,59,52,67,-,101+,89,96,-,101+,46.43
2013,University of Arizona,USA,78,49,101+,101+,90,-,60,57,49,-,101+,46.39
2013,Ruprecht Karl University of Heidelberg,Germany,79,2,73,101+,55,-,82,59,100,-,101+,46.24
2013,Texas A&M University - College Station,USA,80,50,101+,101+,50,-,72,101+,88,-,101+,46.17
2013,University of Oslo,Norway,81,1,101+,101+,40,-,101+,101+,101+,-,101+,46.10
2013,Dartmouth College,USA,82,51,45,20,101+,-,101+,101+,101+,-,78,46.04
2013,Swiss Federal Institute of Technology in Lausanne,Switzerland,83,4,101+,101+,85,-,101+,101+,83,-,54,45.73
2013,Utrecht University,Netherlands,84,1,101+,101+,101+,-,39,44,47,-,101+,45.73
2013,Indiana University - Bloomington,USA,85,52,101+,48,101+,-,50,72,59,-,101+,45.71
2013,École Polytechnique,France,86,4,101+,4,101+,-,101+,101+,101+,-,101+,45.38
2013,National University of Singapore,Singapore,87,1,101+,101+,101+,-,44,101+,50,-,27,45.20
2013,University of Texas MD Anderson Cancer Center,USA,88,53,101+,101+,101+,-,90,32,56,-,101+,45.12
2013,Stony Brook University,USA,89,54,101+,101+,68,-,101+,101+,98,-,90,45.01
2013,Lomonosov Moscow State University,Russia,90,1,14,101+,51,-,101+,101+,101+,-,101+,44.93
2013,Nagoya University,Japan,91,5,72,101+,71,-,101+,101+,101+,-,58,44.78
2013,University of Sydney,Australia,92,1,101+,101+,101+,-,61,101+,101+,-,48,44.77
2013,Emory University,USA,93,55,101+,101+,101+,-,66,41,53,-,81,44.53
2013,Rice University,USA,94,56,51,101+,97,-,101+,101+,64,-,81,44.53
2013,Tohoku University,Japan,95,6,43,101+,101+,-,65,101+,91,-,26,44.52
2013,Australian National University,Australia,96,2,101+,101+,43,-,101+,101+,101+,-,101+,44.50
2013,University of Alberta,Canada,97,4,101+,101+,101+,-,68,101+,92,-,81,44.50
2013,University of Helsinki,Finland,98,1,69,101+,81,-,74,79,71,-,101+,44.39
2013,Paris Diderot University - Paris 7,France,99,5,28,101+,72,-,101+,87,101+,-,101+,44.36
2013,Georgia Institute of Technology,USA,100,57,101+,85,101+,-,97,101+,43,-,32,44.26